{
    "@context": "https://w3id.org/ro/crate/1.1/context",
    "@graph": [
        {
            "@id": "./",
            "@type": "Dataset",
            "datePublished": "2025-11-11T05:57:21+00:00",
            "description": "This is a Galaxy dataset export including 7 datasets. This RO-Crate was automatically generated by Galaxy.",
            "hasPart": [
                {
                    "@id": "README.md"
                },
                {
                    "@id": "datasets/evol1.kraken.output_0a8d5244b05fb53052cf49fa92a2867e.tabular"
                },
                {
                    "@id": "datasets/evol1.kraken.report_0a8d5244b05fb530ccb46811a74835a5.tabular"
                },
                {
                    "@id": "datasets/Krakentools__Convert_kraken_report_file_on_data_5_0a8d5244b05fb530b779e3d2ca4a55fd.tabular"
                },
                {
                    "@id": "datasets/Krona_pie_chart_on_data_6__HTML_0a8d5244b05fb530f4ee460246b5c8fa.html"
                }
            ],
            "license": "",
            "name": "Galaxy dataset export"
        },
        {
            "@id": "ro-crate-metadata.json",
            "@type": "CreativeWork",
            "about": {
                "@id": "./"
            },
            "conformsTo": {
                "@id": "https://w3id.org/ro/crate/1.1"
            }
        },
        {
            "@id": "README.md",
            "@type": "File",
            "about": {
                "@id": "./"
            },
            "encodingFormat": "text/markdown",
            "name": "README.md"
        },
        {
            "@id": "datasets/evol1.kraken.output_0a8d5244b05fb53052cf49fa92a2867e.tabular",
            "@type": "File",
            "encodingFormat": "text/plain",
            "name": "evol1.kraken.output"
        },
        {
            "@id": "datasets/evol1.kraken.report_0a8d5244b05fb530ccb46811a74835a5.tabular",
            "@type": "File",
            "encodingFormat": "text/plain",
            "name": "evol1.kraken.report"
        },
        {
            "@id": "datasets/Krakentools__Convert_kraken_report_file_on_data_5_0a8d5244b05fb530b779e3d2ca4a55fd.tabular",
            "@type": "File",
            "encodingFormat": "text/plain",
            "name": "Krakentools: Convert kraken report file on data 5"
        },
        {
            "@id": "datasets/Krona_pie_chart_on_data_6__HTML_0a8d5244b05fb530f4ee460246b5c8fa.html",
            "@type": "File",
            "encodingFormat": "text/html",
            "name": "Krona pie chart on data 6: HTML"
        }
    ]
}